19,264,259,93,0,21,82,109,39,12,148,98,160,149,19,49
24,106,0,26,1,158,273,14
293,265,353,0,89,89,29,29,31,31,10,83,82,109,39,119,25,255,18,139,148,98,160,19,19,36,138,177,45,2
315,10,159,7,0,379,204,0,33
451,298,298,197,286,284,158,7,104,104,0,158,147,46,7,104,104,0,11,242,46,355,104,104,0,107,24,107,104,104,0,65
38,10,198,138,135,265,174,0,33
0,26,3,26,20,0,33
72,64,0,6,45,445,2,26
48,381,106,0,48,116,129,0,116,15
44,158,302,209,317,147,143,143,12,452,215,312,46,80,302,209,317,0
0,26,86,165,73,73,74,34,381
11,35,56,2,35,35,56,2,2,0,33
169,51,22,0,108,8,32,97,560,28,0
264,259,121,88,751,681,570,22,583,11,185,434,739,16,127,26
11,373,229,201,142,100,38,381,0,6,7,0,15
336,52,128,1079,0,227,227,0,0,210,86,86,165,73,73,74,172
195,547,755,1072,121,6,45,195,83,83,6,63,984,222,423,7,0,971,347,265,17,63,395,50,144,35,56,0,542,26
26,86,51,244,1028,718,261,383,105,74
36,0,542,26
124,436,96,260,34
753,222,772,373,240,887
178,178,178,23,0,213,67,95,2,36,0,542,26
2,41,1,0,41,3,34,237,20,2
0,166,21,82,0,152,94,365,50,47,47
75,75,104,75,815,51,51,334,50,50,204,482,482,126
313,313,318,265,738,227,0,2,738,0,180,442,0,220,216,153
119,319,87,96,31,34
156,0,587,88,20,162,586,37,3,0,169,51,22,0,33,169
201,227,7,7,0
28
24,106,0,249,1043,809,694,0,129
34
676,34
34
34
34
18,18,2,1,3,22,0,187,36,26,122
1,34
140,29,119,28,140,29,1068,755,65,216,153
32,299,3
0,103,22,34,75,34,26,105
34
34
7,35,98,144,95,403,249,530,186,186,98,266,339,2,0,1,58,114,58,24,114,11,14,0
441,29,186,10,186,1023,811,373,11,775,218,0
109,496,10,267,62,10,10,401,401,267,11
0,166,266,32,166,104,12,0,47,833,0
697,0,6,120,697,266,266,186
80,266,266,228,19
80,266,266,228,19
113,47,155
124,119,900,1,203,119,1,252,1,203,226,489,210,16,124,1,341,341,432,920,119,379,869,119,648,113,5
415,1,1,133,19,989
415,1,151,60,990,507,495,200,16,131
714,0,1,162,78,78,1
1,508,792,550,113,788
119,509,1,227
1,873
826,791,828,108,1,973,136,37,156,35,56,227,28,52,18,18,56
250,6,250,49,49,0,757,757,229,151,236,64,6,8,63,63,30,230
250,706
36,99,0,15
0,6,2,0,0
130,130,31,130,132,132,130,481,26,35,648
101,130,6,111,14,0,2,26
120,857,774,17,42,230
101,130,6,111,14,0,2,26
250,706
36,99,0,15
43,0,6,6,129,99,55,6,61,61,120,0,6,61,61,60,0,0,15
84,6,225,39,84,221,225,0,15
8,39,225,84,6,0,5,148,98,160,72,0,6,0
1084,203,376,60,7,129,7
7,64,5,424,122
12,294,1,1,7,129,60,262,57
48,64,311,253,29,41,0,64,0,1,1,35,35,35,35,798,0,175
406,129,48,406,311,253
1,0,970,158,575,579
24,158,501,190,396,11,143,11,0,15
563,0,224,68,2,564,12,0
158,640,695,384,133,9,9,384,133,59,384,16,0,450,147,46,0,377
24,269,16,586,26,24,269,62,16,228,586,11,0,126
394,394,394,394,166,12,225,197,143,12,24,375,0,127,26
19,119,146,329,141,87,141,329,141,87,1,329,141,119,23,985,240,331,21,7,169
10,247,45,10,247,45,0,6,2,0,164,72,0,6
52,45,143,107,19,107,19,625,64,0,625,143,0,83
23,143,164,23,8,0,28
451,46,46,482,337,292,68,497,147,459,197,417,0,113,0
158,640,695,384,133,9,9,384,133,59,384,16,0,450,147,46,0,377
44,158,302,209,317,147,143,143,12,452,215,312,46,80,302,209,317,0
116,410,876,33,0
405,21,412,241,1,156,71,195,64,152,226,450,25,0,0,54
17,41,120,366,1,0,92,5
5,2,148,57,0
12,639,585,1,5,1,95,28,57,1
361,57,312,3,7,117
103,22,16,1056,22,379,995,103,126,1,18
343,65,475,475,638,49,65,49,35,56,343,111,1,510,182,5
111,511,549,932,782,142,100,5
12,63,199,60,25,1,1,37,162,199,108,0,567,443,57,57,0,92,12,7,70,70,17,383,115
790,93,0,117,153,117,18,18
1,106,30,25
126,41,71,103,47,0
272,53,106,0,157,157,0,1,54
406,48,501,415,294,501,116,119,245,48,878,396,190,362,48,0,322,48,48
47,18,0
8,1,418,14,5
626,620,116,21,214,93,0,163,17,50,346,0,116,60,447,42,0,116,1,54,5
315,7,0,71,476,494,269,17,65
179,38,38,10,7,0,1041,1054,295,611,741,741,851,1048,0,421,435,1005,0,187,67
36,72,38,10,7,0,60,522
87,38,641,10,83,38,0
291,10,0,67,274,291,291,62,10,291,707,127,551,81,0,206,103,22,0
18,18,148,38,49,71,114,118,118,81,1063,476,494,841
315,10,215,315
10,9,9
471,505,108,299,149,8,97,38,71
191,29,0,148,38,49,71,156,121,121,118,118,97,416,131
38,49,849,0,17,0,92
32,532,1,148,129,53,540,38,71
10,10,39,39
0,6,38,10,0,126,38,10,26
38,10,7,0,0,656,103,22,38,10,45,810,678,787,342,38,10,45,0,19,34,0
275,0,275,0,421,435,34,275,26
0,6,9,9,59,275,0,275,16,421435,242,26
315,173,299,223,173,225,56
2,0,226,72,38,38,24,80,215,66
275,0,275,16,0,421,435,34,0,34,965,410
1,93,141,141,52,0,776,141,358,0,122,122,651,191,78,140,100,7,51,22,67,0,45,7,0,191,78,140,93,98,160,275,0,275,16,34,0,34,26,60,0,0,15
593,39
293,265,353,0,89,89,29,29,31,31,10,83,82,109,39,119,25,255,18,139,148,98,160,19,19,36,138,177,45,2
36,72,38,10,7,0,60,522
665,38,10,198,138,135,265,174,0,33
199,0,38,49,71,0,0
125,226,427,427,808,45,1001,50,0,50,0,38,7,0,16,34,79,131
1,198,71,18,18,138,95,38,0,240,71,834
10,10,39,39
423
109,164,82
39,574
38,10,7,0,221
593,39
315,7,0,71,476,494,269,17,65
291,10,0,67,274,291,291,62,10,291,707,127,551,81,0,206,103,22,0
215,166,215,114,67,0,210,17,42,261
49,760,603,654,654,890,10,7,748,68,68,12,7,0,514,414,38,7,0,117,42,230
884,414,115,238,598,1030,471,867,10,159,514,500,514
68,107,122,194,194
291
293,265,353,0,89,89,29,29,31,31,10,83,82,109,39,119,25,255,18,139,148,98,160,19,19,36,138,177,45,2
38,10,38,976,21,82,109,39,7,0
992,82,109,39,10
93,0,57,306,82,109,39,161,161,964,145,307,310,297,18,139,0,33,137,123,123
584,39,371,169,584,525,247,584
198,224,290,21,82,39,283,7,0,174,198,389,0,0,15
388,39
39
33,39,109,506
1087,39
39,574
593,39
293,265,353,0,89,89,29,29,31,31,10,83,82,109,39,119,25,255,18,139,148,98,160,19,19,36,138,177,45,2,316,301
278,547,349,128,349,83,283,128,349,507,14,128,128,324,80,215,66
10,109,546,436,87,296,268,228,747,630,226,943,82,149,19,0,64,0
110,917,23,405,21,93,0,1,241,1,87,296,268,12,95,95,296,268,169,51,22,1
110,23,405,21,93,0,1,296,268,158,30,204,81
405,21,296,268,131,12,75,51,22,169
124,178,1069,23,222,1042,87,33,32,807
178,753,133,63,409,95,95,480,87,33,1027,0,34,225
87,296,296,268,538,500
87,296,131
268,268,129
131,12,525,51,22,169
424,122,538
245,268,538
293,265,353,0,89,89,29,29,31,31,10,83,82,109,39,119,25,255,18,139,148,98,160,19,19,36,138,177,45,2
411,411,12,338,128,231,27,27,2,27,27,185,185,2,0,66
12,2,1,189,0,189,46,0,700,743,9,9,59,2,0,80,164,632,0,308,754
283,201,52,164,82,82,29,0,0
169,19,0,715,208,53,0,64,164,169,22,692,121,62,238
82,574,39,7,227,0,66
31,43,46,46,164,265,206,206,29,0,901,128,23,23,48,144,29,0
0,152,419,48,207,88,0,33
563,0,224,68,2,564,12,0
87,38,641,10,83,38,0
38,10,198,138,135,265,174,0,33
466,191,90,1,57,40,8,39,71,94,252,114,40,282,90,0,40,64,233
1,64,93,319,80,1053,254
347,192,60,25,0,270,262,19,0,1021
124,178,178,852,88,903,714,0
513,850,270,182,178,178,222,404,676,1,1,583,27,875,1019,886,879,91,169,164,23,23,1,370,155
85,12,361,57,216
361,57,312,3,7,117
21,0,20,200,15,0,6,23,23,133,77,14,125,25,86,165,73,73,74,0,227,330,213,28,52,0,717,52,66
50,50,145,145,117,117,120,200,15,163,207,6,207,0,1,201,7,227,117,211,117,117,120,200,15,114,24,92,7,129
0,152,419,48,207,88,0,33
25,21,896,0,53,88,20,17,374,53
107,19,0,19,208,53,64,0,164,169,51,22,665,131
169,19,0,715,208,53,0,64,164,169,22,692,121,62,238
931,0,780,619,392
68,107,122,194,194
38,10,38,21,82,109,39,7,0
68,107,122,194,194
23,23,292,17,292,65
85,12,361,57,216
361,57,312,3,7,117
21,0,20,200,15,0,6,23,23,133,77,14,125,25,86,165,73,73,74,0,227,330,213,28,52,0,717,52,66
50,50,145,145,117,117,120,200,15,163,207,6,207,0,1,201,7,227,117,211,117,117,120,200,15,114,24,92,7,129
357,16,401,50,214,335,100,17
0,152,419,48,207,88,0,33
0,152,236,419,48,207,88,290,207,24,236,65
331,331,362,170,40,204,1088,48,0,16,55,443
131,40,393,90,0,71,443,0,92
466,191,90,1,57,40,8,39,71,94,252,114,40,282,90,0,40,64,233
40,8,39,71,40,11
80,148,80,148,769,0,148,429
36,72,38,10,7,0,60,522
545,72,1,182,360,360
441,29,0,41,41,101,14,0,267,13,13,0,480,26,1,0,340
41,6,120,734,243,140,29,29,270,1,1037,58,140,31,120,835
108,1,101,130,370,0,33,424,122
35,35,56,101,1,383,383,105,74
1,49,41,550,77,77,27,440,176,1,148,14,12,391,71,78,78,136
1,114,426,114,0,22,103
1,734,148,1,376,108
1,43,566,81
510,51,172,429
124,108,1,130,370
1,610,142,555,295,779,951,108,1
279,1076,1,1,63,100,1,15,15
279,1018,765,229,265,274,138,453,1004,1,113,65
376,108,156,602,46,281,108,97,736,429
429,93
63,30,180,1,60,101
141,182,1
1,30,238,30,204,74
103,22,180
471,505,108,299,149,8,97,38,71
9,9,59,894,9,9,59,43,9,9,59,72,9,9,59,9,9,59,36,9,9,59,429,9,9,59,225,9,9,59,300,9,9,59,80,176,9,9,59,0,0,210,26
18,1075,1,154,91,222,42
362,66,338,141,182,8,30,20,97,28,1,32,47
64,12,281,324,222,426,324,222,281,520,329,436,319,329,108,1,136,37,35,56,227,734,5,106
180,14,0,41,41,29,14,132,217
1,644,573,17,1,413,155
8,347
107,181,181,0,107,176,90,154,69,69,69,69,460,154,444,440,235,375,1,246,382,128,288,346,21,68,68,36990,388,79,25,25,2,25,25,11,107,2,0,0,190,42
120,110,0,132,17,200,15,360,182,67,0,227,51,582,182,157,157,146,157,157,430,77,352,352,77,125,245,129,461,77,70,14,77,77,0,561,14,17,125,43,0,19,35,56,26
241,241,366,1,189,53,53,53,4,3
199,1
189,103,22,16,0,118,0,0,199,344,344,567,199,0,28,135,28,0,54,106
127,106,129,0,0,18,18
2,16,26,26,0
411,411,12,338,128,231,27,27,2,27,27,185,185,2,0,66
464,128,468,24,537,128,526,217,398,128,16,0,397,397,2,2
493,0,491,24,345,675,11,24,223,345,11,2,2,0,175
563,0,224,68,2,564,12,0
216,2,0,1,86,165,73,73,74,67,46,46,113,227,0,0,18,18
19,2,0,33,2
16,273,14,395,153,36,2,16,112,220,199,0
0,25,45,588,142,2,0,136
723,1,86,187,187,103,22,210,2
72,64,0,6,45,445,2,26
0,205,512,62,171,43,0,433,0,332,6,6,0,6,6,2,26
111,10,29,57,0,154,100,14,36,2,129,195
2,1,86,165,73,73,74,55,156,0,0,750
36,125,36,516,122,88,2,0,66
14,135,45,93,98,160,85,45,49,52,171,8,12,50,8,0,8,1,85,45,223,85,45,70,3,327,20,2,79
44,158,302,209,317,147,143,143,12,452,215,312,46,80,302,209,317,0
46,46,391,83,205,473,473,80,732,0,15
2,0,7,201,7,66
441,29,2,244,481,86,86,149,37
11,35,56,2,35,35,56,2,2,0,33
62,62,322,14,2,0,66
140,29,41,704,2,28
601,41,232,244,399,232,309,134,232,2,49,126,0,78,78
601,6,6,438,13,13,24,2,158,273,14
88,88,2,213,744,103,22,218,13,13,42
3,20,5,0,203,42,63,28,470,28,2,98,160,13,13
483,75,206,146,10,159,3,101,127,10,159,3,16,19,146,0,47,237,20,2
2,63,91,0
289,0,724,11,11,0,67
303,19,19,290,50,149,19,122,0,33,289
19,0,6,303,19,369,720,129,129,0,33,2
491,0,495,0,189,103,22,90,48,129,79,45,21,303,0,2
93,334,334,730,621,334,861,195,634,334,221,0,33,221
26,20,2
178,178,178,23,0,213,67,95,2,36,0,889,26
110,9,9,294,88,229,51,22,218,6,237,20,2,412
105,600,165,73,73,86,0,34,2
0,2
105,206,18,18,2
95,72,0,6,8,0,2,172
183,2
8,42,42,28,16
0,183,2,172,639,30,115,575,579
2,1,105,456,456,105,185,185,308,308,326,213,587,105,74
145,145,597,50,2
337,298,214,58,58,245,58,0,47,0,20,24,2,0,16,7
71,265,274,274,24,54,0,16,0,0,425,129,0
59,59,721,902,59,59,194,194,337,565,59,59,721,59,59,986,565,426,281,95,2,0,16,0,78,129
64,0,41,24,2,0,16,481,421,435,26
10,7,0,2
433,148,38,49,71,156,316,301
29,140,41,29,29,41,4,20,316,301
68,905,26,0,2
2,63,91,0
0,30,68,36990,126,126,2
64,0,24,442,181,181,0,354,2,14
14,14,8,30,1
101,130,6,111,14,0,2,26
11,11,94,1,187,323,966,870,113,2
41,140,146,17,267,13,13,480,101,2
308,30,81,32,269,355,25
90,90,195,176,104,655,24,408,408,972,408,2,0,0,2,316,301
87,382,128,608,0,942,68,50,100,271,428,78,733,555,428,271,100,154,555,733,85,1052,768,300,225,428,608,128,128,85,271,428,78,99,69,428,85,300,128,611,610,329,87,85,242,768,133,369,90,278,678,2,0,0,132,42,316,301
464,128,468,24,537,128,526,217,398,128,16,0,397,397,2,2,316,301
493,0,491,24,345,675,11,24,223,345,11,2,2,0,175
46,46,323,735,77,323,735,77,35,2,0,127,99,216,153
451,46,46,337,298,197,286,197,298,199,79,24,65,104,104,0,76,37,0,41,0,29,96,325,0,47,41,2,0,0
509,149,87,509,85,222,232,197,747,226,177,409,222,206,85,520,459,540,11,509,11,242,195,2,0,0
44,44,286,147,669,197,85,2
2,0,55,631,458,866
80,30,0,34,87,79,131
35,98,144,144,144,144,144,0,47,910,144,339,543,144,2,0,1,339,339,142,142,543,292,543,959,58,58,9,888,9,9,59,58,58,227,162,58,58,118,250,962,144,339,122,242,0,125,58,354,194,144,35,35,1031,98,7,11,144,58,476,494,144,58,453,453,217,2,0,0,47,0
7,35,98,144,95,403,249,530,186,186,98,266,339,2,0,1,58,114,58,24,114,11,14,0
146,284,90,366,1,2,0,72
2,0,2,173,48,336
0,25,45,588,142,2,0,136
36,516,408,16,0,25,524,89,232
458,421,435,2,0,66
36,125,36,516,122,88,2,0,66
12,2,1,189,0,189,46,0,700,743,9,9,59,2,0,80,164,632,0,308,754
8,0,55,142,158,326,2,0
44,158,302,209,317,147,143,143,12,452,215,312,46,80,302,209,317,0
46,46,391,83,205,473,473,80,732,0,15
0,103,22,64,29,2,0,17,103,22,0,0,280,111
107,181,181,0,107,176,90,154,69,69,69,69,460,154,444,440,235,375,1,246,382,128,288,346,21,68,68,36990,388,79,25,25,2,25,25,11,107,2,0,0,190,42
284,284,288,357,69,580,47,929,288,47,47,0,357,0,69,580,214,2,0,0,566
67,0,19,72,2,0,0,14
245,0,58,346,21,388,2,2,0,0
37,0,21,387,75,0,135,2,0,0,43,54
2,0,7,201,7,66
331,48,1016,76,29,17,362,2,0
284,0,848,2,0
11,35,56,2,35,35,56,2,2,0,33
284,69,288,371,371,922,7,90,357,69,288,731,975,2,0,175
62,62,322,14,2,0,66
58,51,58,8,224,441,206,224,2,0,64,0,217
102,545,226,1,41,569,103,2,0
294,8,719,1,81,151,269,0,2
403,2,11,85,2
93,2,1,719
64,7,129,7,7,7,7,286,854,7,64,0,2
140,29,41,704,2,28
119,21,60,25,0,36,22,0,656,18,18,2
10,247,45,10,247,45,0,6,2,0,164,72,0,6
247,45,284,2,0,0,15
2,0
12,2,1,948,81,1029
5,2,148,57,0
11,46,46,31,709,404,9,9,23,9,9,9,9,23,9,9,9,9,23,59,18,139,234,2,46,46,31,0,0,58
2,0
8,42,42,28,16
21,2
18,18,2,1,3,22,0,187,36,26,122
305,305,305,305,0,8,18,18,30,2,18,18
0,6,2,0,0
657,274,390,657,274,11,288,477,33,313,23,173,961,2,0,0,32,5,15
6,2,0,6,16,0,28,287,287,7,0,15
84,211,84,11,50,285,6,84,2,2,0
10,247,1010,0,6,10,159,278,278,0,6,21,82,109,39,7,10,1017,280,6,32,152,55,2,0,0,132,104
2,0,14,1013,20,2,0,0
46,46,372,17,242,372,46,916,242,2,0
2,0,226,72,38,38,24,80,215,66
31,286,46,46,286,337,47,340,565,2,0,1,27,61,94,118,104,104,0,24,107,104,104,0,65,95,0
0,210,30,132,2,0,0,41
93,0,2,72
12,93,1,189,2
19,498,341,789,270,203,249,208,208,2
293,265,353,0,89,89,29,29,31,31,10,83,82,109,39,119,25,255,18,139,148,98,160,19,19,36,138,177,45,2
655,967,4,2
85,300,85,2
284,141,300,487,46,46,232,232,0,135,253,0,174,487,0,333,118,746,864,746,718,47,87,300,141,487,968,334,152,0,0,118,13,13,12,2
498,489,489,667,590,489,379,63,249,208,35,2
4,3,309,170,17,170,261,2,254,81,0,71,122
216,2,0,1,86,165,73,73,74,67,46,46,113,227,0,0,18,18
16,273,14,395,153,36,2,16,112,220,199,0
723,1,86,187,187,103,22,210,2
72,64,0,6,45,445,2,26
0,205,512,62,171,43,0,433,0,332,6,6,0,6,6,2,26
2,1,86,165,73,73,74,55,156,0,0,750
14,135,45,93,98,160,85,45,49,52,171,8,12,50,8,0,8,1,85,45,223,85,45,70,3,327,20,2,79
441,29,2,244,481,86,86,149,37
62,62,322,14,2,0,66
4,3,76,76,193,202,237,20,289,233
289,0,724,11,11,0,67
303,19,19,290,50,149,19,122,0,33,289
19,0,6,303,19,369,720,129,129,0,33,2
491,0,495,0,189,103,22,90,48,129,79,45,21,303,0,2
334,730,621,0,227,796,957,842,379,115,238,0,65
45,17,99,132,0,289
292,292,0,158,273,14
2
26,20,2
110,9,9,294,88,229,51,22,218,6,237,20,2,412
2,86,623,623,243,243,165
2,41,1,0,41,3,34,237,20,2
105,206,18,18,2
175,2,1,418,110,176
95,72,0,6,8,0,2,172
30,86,74,19,289,34
183,2
2,1,165,73,73,0,19,0,898,19
2,1,105,456,456,105,185,185,308,308,326,213,587,105,74
2,0,226,72,38,38,24,80,215,66
337,298,214,58,58,245,58,0,47,0,20,24,2,0,16,7
2,210,105,105,149,37,1
2,667,802,243
289,172
107,181,181,0,107,176,90,154,69,69,69,69,460,154,444,440,235,375,1,246,382,128,288,346,21,68,68,36990,388,79,25,25,2,25,25,11,107,2,0,0,190,42
64,0,24,442,176,0,1,284,69,320,118,90,344,344,892,218
64,0,24,442,181,181,0,354,2,14
318,318,49,181,0,0,271,523,173,49,459,180,606,318,78,78,136
318,318,49,181,0,0,271,523,173,49,459,180,606,318,78,78,136
174,166,197,393
170,37,4,52,17,273,14,101
7,51,22,137,617,22,341
192,406,271,933,0,69,320,71,0,1,1,106,216,153,180,532,0
18,18,1,15,7,22,101,14,380,521,281,183
101
467,51,12,137,7,51,22,758,0,33,137,123
518,7,548,130,62,62,130,130,556
5,118,32,5,32,5,15
572,572,935,44,572,113,113,487,64,0,0,33,5,33,113
0,118,104,406,7,7,31,823,32,5,0,155
0,32,5,311,253
110,6,72,61,0,79,60,0,6,60,0,32,5,15
5,126,357,0,15
24,5,390,390,75,0,32,5,0,15
75,5,1,5,15
17,983,17,16,0,11,11,325,0,797
468,0,6,192,12,128,1086,0,6,214,303,21,303,448,5,142,0,117,17,42,230
5,634,98,160,23,23,48,13,13,21
171,224,0,100,17,17,336,738,0,6,0,6,213,67,5,16,0,30,30,230,3,20,151,25,51,22
5,338,111,927,360,182,166,197,1036,897,80,104,104,0,153,43
1,5,16,37,34,8,63,42,81
21,60,1,448,16,41,431,728,125,125,11
60,1,5,1,15
17,41,120,366,1,0,92,5
1,14,5
5,35,56,105,79,131
5,35,56,7
44,135,170,256,134,252,244,559,554,389,134,147,222,222,147,102,102,102,102,147,23,23,9,9,102,102,23,9,102,102,23,59,44,44,336,263,263,234,304,304,9,9,44,399,44,558,134,114,5,0,66
5,35,56,75,240,0,0,15
5,35,56,5,0,5
5,35,56,674,66
343,65,475,475,638,49,65,49,35,56,343,111,1,510,182,5
1,106,30,25
89,89,228,592,89,472,356,111,1,270,1,28,260,470,5,7,80,42,115
5,0,14,437,32,290,290,324,31,0,151,710,43,89,89,25
5,0,5,539,5,364,364,78,78,299,244,562,165,73,73,0,261,31,43,287,533,396,474,299,87,287,126
5,0,60,0,15
75,5,1,5,15
264,259,121,88,751,681,570,22,583,11,185,434,739,16,127,26
0,32,5,18,18,32,160,0,32,5,15
21,60,1,448,16,41,431,728,125,125,11
446,110,23,635,635,21,93,0,1,189,22,323,684,60,448,1,28,376,108,18
44,135,170,256,134,252,244,559,554,389,134,147,222,222,147,102,102,102,102,147,23,23,9,9,102,102,23,9,102,102,23,59,44,44,336,263,263,234,304,304,9,9,44,399,44,558,134,114,5,0,66
1,106,30,25
5,0,14,437,32,290,290,324,31,0,151,710,43,89,89,25
5,0,5,539,5,364,364,78,78,299,244,562,165,73,73,0,261,31,43,287,533,396,474,299,87,287,126
356,111,1,60,32,5
17,17,32,5,92
5,0,5,75,373,380,5,32,0,5,0,155
5,32,0,75,5,32,5,173,17,210,42,230
264,259,921,371,485,1066,321,79,614,485,616,186,1,1,186,264,259,106,0
186,285,169
601,32,557,1,0,32,5,0,32,5,15
119,21,21,79,925,93,5,1,40,1,0,32,5,32,5,15
1,79,28,16,131
94,79,0,60,11,11,11,0,94
110,6,72,61,0,79,60,0,6,60,0,32,5,15
691,43,40,43,517,24,40,43,255,18,139,242,486,106,133,40,133,40,225,40,21,17,19,143,40,242,486,106,133,40,255,18,139,24,40,300,32,5,0,0,155
24,75,79,60,0,16,0,15
5,249,208,48,0,503,381,48,0,127,0,26
5,0,60,0,15
13,13,328,761,1,200,15,95,75,373,380,5,0,15
1,79,28,16,131
1,5,16,37,34,8,63,42,81
222,60,11,11,11
1,393,5,1,15
5,0,15
5,35,56,75,240,0,0,15
5,35,56,5,0,5
5,0,5,539,5,364,364,78,78,299,244,562,165,73,73,0,261,31,43,287,533,396,474,299,87,287,126
94,79,0,60,11,11,11,0,94
0,11,57,11,813,24,57,0,92
5,249,208,48,0,503,381,48,0,127,0,26
5,126,357,0,15
24,5,390,390,75,0,32,5,0,15
11,11,487,62,78,78,0,32,5,0,15
223,32,5,22,138,22,187,282,138,372,42,0,0,32,5,5,0,32,5,15
469,183
1,393,5,1,15
5,35,56,7
5,35,56,75,240,0,0,15
5,35,56,5,0,5
65,267,65,0,643,663,15
18,18,141,122,53,28,0,0,11,11,15
60,1
94,79,0,60,11,11,11,0,94
119,278,907,924,278,9,9,947,52,264,259,50,21,485,52,25,50,119,786,173,50,119,91,91,50,92,50
78,78,1,240,952,97,1
400,262,763
63,30,1,400,262,79
19,347,1059,17,400,262,257,65
35,56,55,576,838,347
1,1077,75,92
1,3,17,65
65,998,270,400,7,6
262,821,145,597
269
145,597
3,16
40,407
30,63,1,110,6,13,13,43
57,57,57,57,376,30,32
51,1046,115,759,72,0,72,6
142,137,112,220,141,358,68,17,0,57,57,396,407,124,30,880,1058,551,17,34
400,262,34
49,49,398
331,331,474
407,257,98,85,0,251,251,48,0
0,2
30,945,3,16
65,174,931,55,62
17,299,378,92,477,12,549,800,954,378,261
81,400,674,711,711,679,685,91,75,75,145,12
315,173,299,223,173,225,56
17,51,771,34
412,16,383,383,115
400,262,424,122
10,546
140,407,17,20
35,56,4
94,104,5,205,0,32,5,15
24,5,390,390,75,0,32,5,0,15
691,43,40,43,517,24,40,43,255,18,139,242,486,106,133,40,133,40,225,40,21,17,19,143,40,242,486,106,133,40,255,18,139,24,40,300,32,5,0,0,155
5,0,15
5,17,0,15
5,249,208,48,0,503,381,48,0,127,0,26
52,899,8,0,25,52,0,43,54
28,0,142,370,209,132,14,953,472,174,60,540,129,742,801,0,0,0,33,54
0,25,0,205,25,1000,25,0,0,43,54
72,0,6,12,175,,408,8,0,25,0,151
171,85,72,229,49,515,141,53,0,144,515,141,449,0,0,151
37,0,21,387,75,0,135,2,0,0,43,54
8,0,0,37,825,185,434,278,16,172,0,54
443,490,0,48,0,214,195,0,1,1,470,0,54,1,53,21,53
0,484,14,191,13,13,1,54
171,100,14,43,112,48,0,203,24,54,0,0,413,155
437,143,437,0,0
63,0,151,0,449
227,0,6,0,0,67,6,97,0
0,1,54,1,234,592,442
191,117,415,21,21,190,55,13,13,0,0,449,742,53,175,57,57,204,53,211,223
119,21,0,0,106
0,54,1,644,573,21,65
54,0,1,1,69,930,249,778,777,1,7,129
405,21,412,241,1,156,71,195,64,152,226,450,25,0,0,54
0,433,103,22,129,129,93,0,1,257
766,185,434,185,185,434,214,95,624,0,53,0,54,54,106
110,192,192,191,140,294,17,1,418,1,1,54,5
6,6,12,0,67,18,18,195,241,61,0,0,43,54
54,0,7,36,154,154,0,54,106
36,1,54
91,126,54,1
0,0,4,74,173,356,111,11,11,18,18
0,0,413,15
2,0
36,54,1
0,0,0,80
17,171,979,154,0,0,0,151
189,103,22,16,0,118,0,0,199,344,344,567,199,0,28,135,28,0,54,106
272,53,106,0,157,157,0,1,54
37,4,3,0,74,1,54
84,211,91,575,579,84,672,61,0,0,54
626,620,116,21,214,93,0,163,17,50,346,0,116,60,447,42,0,116,1,54,5
0,1,43,54,0
71,265,274,274,24,54,0,16,0,0,425,129,0
0,15,54,127,92
1,679,685,1,93,151
124,402,321,0,111,73,333,243,24,333,737,737,333,124,402,73,333,226,590,479,321,99,0,52,52,61,0,0,36
124,479,321,252,402,321,108,1,783,36,694,25,17
108,1,14,437,92,67,28,67
120,6,6,350,40,671,24,672,0,0,34,136
31,45,2,142,395,63,7,0,923,106,50,0,33,36
108,1,11,11,401,401,129,25,21,17
372,613,6,236,236,250,0,63,273,273,273,14,919,63,0
14,142,701,50,177,100,177,100,177,97,0,97,0,155
,50,208,14,0,66
199,1
124,43,52,52,57,19,0,6,0,6,180
142,143,0,26,35,35
12,93,622,622,0,83,83,0,83,0,65,42,81,125,0,0,190,42,16,407
83,0,16,0,11,11,0,15
23,23,46,46,21,133,10,280,605,416,158,131,55,33,83,0,6,201,7,0,53,0,217
83,0,16,0,11,11,0,15
24,671,48,127,0,21,0,83,83,209,142,370,43,209,132,17,201,7,0,8,33,67,0,0,187
278,547,349,128,349,83,283,128,349,507,14,128,128,324,80,215,66
128,349,108,299,23,23,205,729,14,299,410,15
14,315,280,22,16,14,0,14,1007,155
283,201,10,282,7,0,121,871,128,151,151,283,85,151,283,25,129,48,85,25,21,19,0
283,201,7,0,121,25,128,71,37,254
68,392,531,100,27,27,27,27,23,23,9,9,27,23,59,27,23,9,9,27,23,59,27,23,9,9,27,23,59,27,234,553,27,236,236,68,231,27,27,27,168,168,168,0,0,13,13,233
23,143,164,23,8,0,28
462,36,462,200,15
35,56,417,417,72,417,417,36
31,84,211,46,385,660,124,385,438,660,599,0,117,84,385,599,120,120,117,117,0,114,385,124,120,117,84,385,599,385,117,31,117,0,377
1,110,630,6,708,191,13,13,47,29,140,96,325,113,126,155
87,37,110,6,191,13,13,113,47,29,96,47
451,46,46,337,298,197,286,197,298,199,79,24,65,104,104,0,76,37,0,41,0,29,96,325,0,47,41,2,0,0
321,402,321,479,61,0,45,343,40,479,0,343,64,96,55,402,47,0,447,1006,49,192,12,169,22,0,67,1033,829
0,156,96,949,140,325,24,156,96,156,67,47,203,0
0,47,29,96,146,430
47,12,0,29,96,31,12,93,93,93,0,264,47,29,47
0,19,31,29,96,6,16,25,0,203,32,19,0,203,58,31,58
0,67,0,110,6,52,191,13,13,0,221,282,47,29,96,31,92
729,12,120,373,67,0,29,96,133,116,525
67,0,28,52,132,92,92,585,0,41,29,96,47,67,0
0,863,545,37,125,843,860,84,12,1045,436,47,144,96,146,430,581,323,581,288,477,785,581,288,61,830,392,281,100,818,61,173,374,4,61,68,264,259,40,51,118,118,17,820
29,568,31,854,163,106,21,163
124,436,96,260,34
12,7,1,96,47,398,1,92,7
113,0,7,18,141,369,90,369,1078,744,472
96,294,1,1,837,0,422,115,28,0
469,96,260,183,30,63,278,94,21,75,217
511,104,96,260,180,341,341,288,288,356,343
372,55,8,1,260,6,6
116,108,1,96,52,56
119,319,87,96,31,34
568,918,136,0,24,136,0,136,24,136,0,280,111
191,27,13,13,0,96,325,31,0,370
125,525,96,155,246,272
124,118,568,272,2,0,72
264,259,29,146,126,31,71,71,749,749
96,87
110,21,392,978,6,191,13,13,113,47,29,96,325,92
38,10,198,138,135,265,174,0,33
447,62,157
231,27,27,31,61,536,544,502,246,591,439,154,31,31,256,166,0,256,118,46,46,31,404,113,14,14,100,14,6,497,46,46,350,11,0
264,259,37,156,149,19,16,149,19,8,180
293,265,369,90,293,265,716,12,65,8,8,87,37,316,301
464,128,468,24,537,128,526,217,398,128,16,0,397,397,2,2,316,301
55,631,458,0,6,419,5,458,461,10,79,79
7,35,98,144,95,403,249,530,186,186,98,266,339,2,0,1,58,114,58,24,114,11,14,0
43,17,292,55,43,95,16,214,25,0,515,80,8,0,42,0
51,75,0,42,0,15,18,18
8,0,55,142,158,326,2,0
14,135,45,93,98,160,85,45,49,52,171,8,12,50,8,0,8,1,85,45,223,85,45,70,3,327,20,2,79
90,1065,265,313,1074,313,982,271,0,1035,379,806,794,69,580,271,90,271,344,90,607,668,664,607,668,664,217,17,53,48,8,8,87,48,37,227,336,48,95,361,423,517,11,0,15
387,40,387,40,8,0,1
41,29,146,287,29,53,659,603,31,31,106,0,760,661,661,64,80,29,29,0,58,8,12,8,267,13,13,480,24,53,41,0,17
0,111,69,288,78,784,0,8,205,95,107,122,30,230
8,30,81,285,1
169,51,22,0,108,8,32,97,560,28,0
92,1,28,131
1,14,101,8,132,130,534,658,257
0,484,14,191,13,13,1,54
91,170,12,172,151,124,,91,270,214,8,0,0,132,42
169,224,19,132,207,6,8,0,8
684,680,680,0,0,148,98,160,8,0,97,52
1,211,118,114,141,7,358
1,696,354,8,97,590,677
993,356,111,0,89,8,0,214,988,63,398,0,1,132,42
164,0,64,164,8,1,8,566,62
88,88,8,991,8,595
8,1,425,64
0,203,93,1,1,8
7,1,0,97,28,8,30,30,1,8
8,0
8,30,1,8,81
376,108,156,602,46,281,108,97,736,429
0,484,14,36,63,93,38,71
14,14,8,30,1
14,8,1
95,72,0,6,8,0,2,172
422,612,124,612,609,119,387,387,1015,609,999,372,613,119,8,6,8
12,2,1,8,25,25,19,0,4,3,220,112,91,220,72,0
471,505,108,299,149,8,97,38,71
0,213,37,37,135,46,2,0,114,14,0,8,12,0,8,124,764,969,286,497,190,43,497,46,46,498,498,246,46,0
521,650,650,0,8,8,0,0,340
11,228,11,190,11,250,228,11,228,250,21,82,8,30,1,93,24,113,113,0
8,1,418,216,153,26,254
8,42,285,1
305,305,305,305,0,8,18,18,30,2,18,18
0,41,140,893,13,13,610,610,484,693,8,1,799,693,14,0,0,29,24,92,0,16,331
23,143,164,23,8,0,28
8,1,418,14,5
133,8,30
8,1,105
14,8,0,21
8,1,252,26
8,30,1
30,1
186,0
595,12
8,30,1,51,911,149,453
8,1,135,311,253
8,0,47
34,1,105,600,165,73,73,74,0,227,227,34,8,1
14,142,701,50,177,100,177,100,177,97,0,97,0,155
0,1,52,56
229,117,178,23,53,28,0,53,28,0,21,17
1,696,354,8,97,590,677
116,53,28,1,92
7,1,0,97,28,8,30,30,1,8
12,294,1,1,24,97,709,1,35,56,57,338,1
362,66,338,141,182,8,30,20,97,28,1,32,47
101,149,15,1,200,1026
198,224,290,21,82,39,283,7,0,174,198,389,0,0,15
462,36,462,200,15
19,67,0,28,16,52,131
5,17,0,15
99,,1002,91,424,0,174,0,410
10,7,748,7,416,33,33,40,0,15
110,6,72,61,0,79,60,0,6,60,0,32,5,15
64,40,237,16,425,47,125
0,42,136,0,136
1,280,28,16,670,240,670,41
169,51,22,0,108,8,32,97,560,28,0
6,6,194,194,0,189,103,22,11,11,223,42,12,68,68,1057,93,666,673,241
759,495,200,689,199,1085,793,1081
52,18,18,108,3,1,28,28
235,0,28,3,20,16,63,30,84,117,490
235,0,28,0,410,15,16,63,30
91,24,91,91,166,94,365,235,0,28,16,221,94,365,0,221,0
65,267,65,0,643,663,15
0,34,42,171,32,5,0,15
16,616,25,183
183,28,70,4
89,89,228,592,89,472,356,111,1,270,1,28,260,470,5,7,80,42,115
80,34,75,80,34,75,156,28,172
229,117,178,23,53,28,0,53,28,0,21,17
216,153,53
116,53,28,1,92
70,12,16,209,137,63,324,16,53
28,12,16,153,28,63,895,585,53
18,18,141,122,53,28,0,0,11,11,15
174,166,197,393
120,110,0,132,17,200,15,360,182,67,0,227,51,582,182,157,157,146,157,157,430,77,352,352,77,125,245,129,461,77,70,14,77,77,0,561,14,17,125,43,0,19,35,56,26
63,0,151,0,449
227,0,6,0,0,67,6,97,0
70,605
127,1,67,14,330
34,1,105,600,165,73,73,74,0,227,227,34,8,1
174,166,197,393
28,1,97
18,18,1,15,7,22,101,14,380,521,281,183
120,110,0,132,17,200,15,360,182,67,0,227,51,582,182,157,157,146,157,157,430,77,352,352,77,125,245,129,461,77,70,14,77,77,0,561,14,17,125,43,0,19,35,56,26
105,63,682,409,577,6,25,0,25,0
309,170,12,83,44,44,10,378,414,427,332,69,69,320,519,552,70,4,3,0,86
48,76,76,193,202,4,3,112,81,162,162,99,163,13,13
52,52,740,4,3,67,1,74
19,19,86,37,4,3,81,454,115
37,4,3,0,74,1,54
309,170,12,83,44,44,10,378,414,427,332,69,69,320,519,552,70,4,3,0,86
386,7,0,55,0,28,10,247,175
282,173,81,87,26,24,115,105,66,4,3,70,220
70,55,238,238,62,62
267,4,3,4,20,45,7,0,24,45,7,0,386,172,127,26
14,135,45,93,98,160,85,45,49,52,171,8,12,50,8,0,8,1,85,45,223,85,45,70,3,327,20,2,79
229,45,7,0,618,168,43,40,10,159,4,3,0,10,0,156,37,618,0
4,3,76,76,193,202,237,20,289,233
52,477,12,6,6,52,13,13,99,58,4,3,112,58,17
48,76,76,193,202,4,3,112,81,162,162,99,163,13,13
483,75,206,146,10,159,3,101,127,10,159,3,16,19,146,0,47,237,20,2
342,13,13,391,3,311,253,101,179,477,571,351,335,205,351,335,179,218,13,13,438,279,279,492
195,31,506,686,50,51,22,10,159,3768,0,26,20,0,413,155
235,0,28,153,235,0,28,175
24,4,3,134,16,34,3,87,3,131
121,204,21,446,204
0,187,71,138,153,4,3,4,3,348,4,20,70
689,0,74,34,36,26
83,4,3,20,0,21,17
70,30,230
323,805
179,12,4,3,243,431,41,103,628,295,295,51,22,295,295,698,795,1080,0,126
241,241,366,1,189,53,53,53,4,3
30,0,19,1,524,340
10,9,9
37,4
16,37
37,4,3,134,0,74,233
19,19,86,37,4,3,81,454,115
4,3,193,202,76,76,20,4
81,224,11,121,374
21,4,3,70,20,88,74
37,4,3,0,74,1,54
28,1,4,4,3,49,342,28,1,175
134,134,70,4,3,4,20,1,2
4,3,76,193,202,2,0,26,10,10
4,3,76,257,134,465,465,123,123,10,431,77,77,955,804,77,698,770,934,432,20,30,132,0,227,4,3,70,112
4,20,74
0,203,41,49,50,49,121,70,4,51,22
345,45,7,0,190,55,330,4,3,240,4,20,37,4,3,348,4,20
179,4,3,243,431,41,103,295,628,243,77,77,22,12,69,320,22,87,309,232,134,234,874,904,30,141,358,77,77,425,77,77,411,295,466,126,492
0,175,121,3,358,131,218,99,0
121,21,446,163,1,204,21,446
250,532,111,121,374,327
394,394,121,3,329
129,7,121,3
0,55,22
55,22,340
0,203,55,22,327
19,19,86,37,4,3,81,454,115
81,224,11,121,374
21,4,3,70,20,88,74
36,208,14,6,6,36,30,30,595,55,3,358,47,204,21,217
17,70,70,3,877,11
17,42,12,17,323
347,55,3,327,817,534
4,20,74
8,423,10,282,117,153,36
4,3,309,170,17,170,261,2,254,81,0,71,122
105,63,682,409,577,6,25,0,25,0
45,445,21,17,45,588,963,432,997,12,47,0,1060,17,386,812,0,33,65
0,221,11,204,17
86,0,201,36
0,149,19,40,61,142,272,129,285,64,6,0,33,3,20,0,467,111,637,0,174,0,67,213
63,99,,61,624,0,0
0,205,512,62,171,43,0,433,0,332,6,6,0,6,6,2,26
111,10,29,57,0,154,100,14,36,2,129,195
41,140,29,29,41,1061,111,29,29,53,659,0,41,311,253,55,192,7,118,0,16,192,0,111,687,687,0,117,272
110,6,6,192,192,42,63,409,909,60,0,180,101
111,49,280,49,39,280,156,0,0,203,0,136
55,48,76,76,193,202,112,4,3,140,478,115,151,269,0,355,355,16,32,478,115,210,333,243,726,30,230,17
52,477,12,6,6,52,13,13,99,58,4,3,112,58,17
126,126,22,49,49,342,111,1,42,15
48,76,76,193,202,4,3,112,81,162,162,99,163,13,13
110,31,88,218,31,63,138,177,180,101
21,119,614,485,119,78,78,0,204,50,940,22,0
264,259,88,549,371,107,649,756,756,51,243,649,217
3,52,56,37,395,62,62
40,0,40,422,422,0,422,0,204,172,43,172,0
10,0,26
205,0,201,145,0,6,0
171,14,111,5,47
1,12,192,827,272
0,179,88,615,71,213,844,831,163,37,37,0,0,232,423,8
22,134,111
241,241,366,1,189,53,53,53,4,3
282,173,111,288
0,63,30,21,415
110,6,6,7,662,662,49,49,36,1
260,29,513,950,124,511,513,549,977,235,1,136,163,37,24,136,136,24,163,1,280,254
12,205,111
111,0,218
12,0,100,0,573,12,30,0,25,1,0,389,12
252,169,731,371,914,0,49,500,7
12,2,1,8,25,25,19,0,4,3,220,112,91,220,72,0
49,30,3,30,20,78,78,7
819,111,43,577,14,996
31,46,46,4,3,134,466,669,286
375,0,6,70,88,20,0,210,26
55,48,76,76,193,202,112,4,3,140,478,115,151,269,0,355,355,16,32,478,115,210,333,243,726,30,230,17
52,477,12,6,6,52,13,13,99,58,4,3,112,58,17
48,76,76,193,202,4,3,112,81,162,162,99,163,13,13
483,75,206,146,10,159,3,101,127,10,159,3,16,19,146,0,47,237,20,2
342,13,13,391,3,311,253,101,179,477,571,351,335,205,351,335,179,218,13,13,438,279,279,492
195,31,506,686,50,51,22,10,159,3768,0,26,20,0,413,155
345,45,7,0,190,55,330,4,3,240,4,20,37,4,3,348,4,20
124,0,183,65,51,22,596,12,395,65,63,570,65,37,4,3,216
0,187,71,138,153,4,3,4,3,348,4,20,70
33,4,3,4,20,68,68,12,7,0,7,0,745,92
37,4,3,134,0,74,233
19,19,86,37,4,3,81,454,115
4,3,193,202,76,76,20,4
37,4,3,0,74,1,54
4,3
4,20,74
386,7,0,55,0,28,10,247,175
267,4,3,4,20,45,7,0,24,45,7,0,386,172,127,26
0,187,71,138,153,4,3,4,3,348,4,20,70
386,7,0,55,0,28,10,247,175
52,52,740,4,3,67,1,74
156,260,262,26,0,35,56,26,36
95,66,20,66,95,66,3,66,3,586,20
12,688,4,3,688,362,319,524,319,42,0
246,382,128,493,0,123,123,666,673,493,12,108,1,3,586,70,20
12,4,3,322,14,58,0,14,803,132
4,3,309,170,17,170,261,2,254,81,0,71,122
309,170,12,83,44,44,10,378,414,427,332,69,69,320,519,552,70,4,3,0,86
535,173,61,0,95,26,3,16,26,3,95,26,20,26,20,34,136
0,149,19,40,61,142,272,129,285,64,6,0,33,3,20,0,467,111,637,0,174,0,67,213
24,26,3,131,0,26,3,20,0
48,76,76,193,202,4,3,112,81,162,162,99,163,13,13
483,75,206,146,10,159,3,101,127,10,159,3,16,19,146,0,47,237,20,2
342,13,13,391,3,311,253,101,179,477,571,351,335,205,351,335,179,218,13,13,438,279,279,492
345,45,7,0,190,55,330,4,3,240,4,20,37,4,3,348,4,20
10,159,322,14,0,10,159,42,4,3,127,304,535,17
10,159,322,14,0,30,3,10,304,535,17
97,186,99,330,4,3,615,4,257,13,13
24,4,3,134,16,34,3,87,3,131
0,187,71,138,153,4,3,4,3,348,4,20,70
33,4,3,4,20,68,68,12,7,0,7,0,745,92
83,4,3,20,0,21,17
88,20,137,169,51,22,2
4,3,193,202,76,76,20,4
426,4,3,4,20,257
12,2,1,8,25,25,19,0,4,3,220,112,91,220,72,0
12,19,0,4,3,220,91,883,112,220,0
95,66,20,66,95,66,3,66,3,586,20
13,13,0,251,251,112,4,3,115,5
17,115,482,71,4,3,70,70,34,30,261,137,51,22,217
120,4,3
4
171,250,43,270,262,432,194,194,112,936,0,112,0,91,112
416,76,1044,55,938,0,76,416,0,71
10,257,0,24,131
10,0,26
12,83,4,3
17,33,4,3,1020,190,20
4,3
17,332,4,3
465,465,257
374
175,10,340,340
10,74
987,18,91,354,272,91,50,12
7,0,111
24,254,0,254,35,56,653,75,30,132,653,75,432
14,0,179,557,529,598,208,1040,610,103
529,464,61,1,0,179,179,12
179,557,62,529,62,1039,598,598,51,22,245
44,44,94,9,9,94,9,9,94,44,44,94,44,44,9,9,9,9,44,44,504,221,504,504,71,254,86
546,35,35,35,35,326,312,380
0
46,46,31,44,2,180,84,100,14
2,0
0
0,33,62,118,79,0
466,191,90,1,57,40,8,39,71,94,252,114,40,282,90,0,40,64,233
1,90,94,252,114,11,107,12,596,90,57,0,0,41,716,90,443,0
0,166,21,82,0,152,94,365,50,47,47
32,117,490,541,541,541,651,0
117,490,113,1,218
117,94,822,708,30,230,3,20,0
91,24,91,91,166,94,365,235,0,28,16,221,94,365,0,221,0
58,885,99,1012,308,176
378,9,12
279,469,21,713
9,9,149,253,44,21,500
469,21,94,192,192
518,7,548,130,62,62,130,130,556
101,130,6,111,14,0,2,26
46,46,31,44,2,180,84,100,14
243,243,35,56,0,172,177,65,65,127
243,243,92
1014,550
33
0,41,125,140,13,13,0,163,251,251,17,231,84,0,175,171,17,238
251,251,13,13,55,84,84,91,162,152,65,152
137,140,94,439,439,141
17,292,55,43,596,0,42
207,1,534,658,227,228,403,228,403,207,65
251,251,13,13,55,84,84,91,162,152,65,152
84,1062,84
198,198,915,198,16,0,198,16,0,260,342,0
14,152,84,211,152,84,211,11,50,285,6,168,168,0,0,42,238,115,62,62
84,211,84,11,50,285,6,84,2,2,0
43,0,6,6,129,99,55,6,61,61,120,0,6,61,61,60,0,0,15
93,0,57,306,82,109,39,161,161,145,307,310,297,18,139,0,33,137,123,123
7,51,22,137,617,22,341
467,51,12,137,7,51,22,758,0,33,137,123
18,18,1,15,7,22,101,14,380,521,281,183
518,7,548,130,62,62,130,130,556
647,116,8
350,89,328761,105
326,426,55,347,4
328,116,328,377
14,152,84,211,152,84,211,11,50,285,6,168,168,0,0,42,238,115,62,62
168,761,1047,824
326
647,116,8
350,89,328761,105
34,912,105,36,839,176,183
328,116,328,377
176,176,34,176,34,176,0,340
328,116,328,377
231,27,27,61,168,1071
99,61,221,0
263,263,9,44,234,496,61,93,629,508,232,93,713,399,11,304,49,49,0,13,13,0,155
319,496,61,61,0,13,13,0,155
231,27,27,31,61,536,544,502,246,591,439,154,31,31,256,166,0,256,118,46,46,31,404,113,14,14,100,14,6,497,46,46,350,11,0
68,392,531,100,27,27,27,27,23,23,9,9,27,23,59,27,23,9,9,27,23,59,27,23,9,9,27,23,59,27,234,553,27,236,236,68,231,27,27,27,168,168,168,0,0,13,13,233
263,263,9,44,234,496,61,93,629,508,232,93,713,399,11,304,49,49,0,13,13,0,155
11,231,27,210,0,114
43,0,6,6,129,99,55,6,61,61,120,0,6,61,61,60,0,0,15
7,124,88,712,88,88,712,88,576,27,523,939,245,576,119,16,773
229,121,121,99,133,313,520,722
569,116,633
110,110,89,89,926,216,153,183,116,183,116,816,313,520,881
68,392,531,100,27,27,27,27,23,23,9,9,27,23,59,27,23,9,9,27,23,59,27,23,9,9,27,23,59,27,234,553,27,236,236,68,231,27,27,27,168,168,168,0,0,13,13,233
231,27,27,31,61,536,544,502,246,591,439,154,31,31,256,166,0,256,118,46,46,31,404,113,14,14,100,14,6,497,46,46,350,11,0
229,121,121,99,133,313,520,722
569,116,633
9,9,135,170,80,256,113,0
44,135,170,256,134,252,244,559,554,389,134,147,222,222,147,102,102,102,102,147,23,23,9,9,102,102,23,9,102,102,23,59,44,44,336,263,263,234,304,304,9,9,44,399,44,558,134,114,5,0,66
93,0,57,306,82,109,39,161,161,145,307,310,297,18,139,0,33,137,123,123
93,0,57,306,82,109,39,161,161,145,307,310,297,18,139,0,33,137,123,123
25,95
115,238,477,12,14,233,13,13,0,126,0,619,13,13,0,69,320,92,257
107,181,181,0,107,176,90,154,69,69,69,69,460,154,444,440,235,375,1,246,382,128,288,346,21,68,68,36990,388,79,25,25,2,25,25,11,107,2,0,0,190,42
0,956,27,113,865,338,129,3,12,90,862,0,0,103,22,0
93,0,57,306,82,109,39,161,161,145,307,310,297,18,139,0,33,137,123,123
93,0,57,306,82,109,39,161,161,145,307,310,297,18,139,0,33,137,123,123
93,0,57,306,82,109,39,161,161,145,307,310,297,18,139,0,33,137,123,123
93,0,57,306,82,109,39,161,161,145,307,310,297,18,139,0,33,137,123,123
